,precision,recall,f1-score,support
Dyskeratotic,0.8918918918918919,0.9705882352941176,0.9295774647887324,34.0
Koilocytotic,0.9375,0.8108108108108109,0.8695652173913043,37.0
Metaplastic,0.9069767441860465,0.9285714285714286,0.9176470588235294,42.0
Parabasal,1.0,1.0,1.0,17.0
Superficial-Intermediate,0.9523809523809523,1.0,0.975609756097561,20.0
accuracy,0.9266666666666666,0.9266666666666666,0.9266666666666666,0.9266666666666666
macro avg,0.9377499176917782,0.9419940949352714,0.9384798994202252,150.0
weighted avg,0.9276831108517155,0.9266666666666666,0.9255527895922308,150.0
