,precision,recall,f1-score,support
Dyskeratotic,0.9917355371900827,0.9917355371900827,0.9917355371900827,121.0
Koilocytotic,0.956140350877193,0.8861788617886179,0.919831223628692,123.0
Metaplastic,0.896,0.9491525423728814,0.9218106995884774,118.0
Parabasal,1.0,0.9915254237288136,0.9957446808510638,118.0
Superficial-Intermediate,0.968503937007874,0.9919354838709677,0.9800796812749004,124.0
accuracy,0.9619205298013245,0.9619205298013245,0.9619205298013245,0.9619205298013245
macro avg,0.9624759650150299,0.9621055697902726,0.9618403645066433,604.0
weighted avg,0.962628727395482,0.9619205298013245,0.9618222779408652,604.0
